Metric,Value
Confusion Matrix,"[[ 27   5   2   1   5   3   0]
 [  2  67   9   1   6   7   1]
 [  6   6 137   2  27  39   0]
 [  2   1   1  28   2  10   0]
 [  1   0  11   0 107  50   2]
 [  4   5  21   0  31 847   1]
 [  0   1   0   0   0   7  27]]"
Accuracy,0.8201058201058201
Average Precision,0.7735189923229033
Average Recall,0.7064271244376011
Average Specificity,0.9619527481469812
Average F1 Score,0.7356663266550284
